{
  "metadata": {
    "分析时间": "2025-11-23 22:28:28",
    "数据文件": "CTDC_global_synthetic_data_v2025.xlsx"
  },
  "data_summary": {
    "网络统计": {
      "总边数": 87407,
      "来源国数量": 58,
      "目的国数量": 71,
      "总国家数": 92,
      "来源国列表": [
        "AFG",
        "ALB",
        "BDI",
        "BGD",
        "BGR",
        "BLR",
        "BOL",
        "BRA",
        "CHN",
        "CIV",
        "CMR",
        "COD",
        "COL",
        "CUB",
        "DOM",
        "ERI",
        "ETH",
        "GHA",
        "GIN",
        "GTM",
        "HND",
        "HTI",
        "HUN",
        "IDN",
        "IND",
        "JAM",
        "KAZ",
        "KEN",
        "KGZ",
        "KHM",
        "KOR",
        "LAO",
        "LKA",
        "MDA",
        "MDG",
        "MEX",
        "MMR",
        "NER",
        "NGA",
        "NPL",
        "PHL",
        "ROU",
        "RUS",
        "SDN",
        "SLE",
        "SLV",
        "SOM",
        "SRB",
        "THA",
        "TJK",
        "TKM",
        "UGA",
        "UKR",
        "USA",
        "UZB",
        "VEN",
        "VNM",
        "ZAF"
      ],
      "目的国列表": [
        "AFG",
        "ALB",
        "ARE",
        "ARG",
        "BDI",
        "BGD",
        "BGR",
        "BIH",
        "BLR",
        "CAN",
        "CHE",
        "CHN",
        "CIV",
        "COL",
        "CZE",
        "DEU",
        "DNK",
        "EGY",
        "ESP",
        "ETH",
        "GBR",
        "GHA",
        "GRC",
        "HKG",
        "HTI",
        "IDN",
        "IND",
        "IRQ",
        "ITA",
        "JOR",
        "JPN",
        "KAZ",
        "KEN",
        "KGZ",
        "KHM",
        "KWT",
        "LBN",
        "LBY",
        "MAR",
        "MDA",
        "MEX",
        "MKD",
        "MLI",
        "MMR",
        "MYS",
        "NER",
        "NGA",
        "NLD",
        "OMN",
        "PHL",
        "POL",
        "PRT",
        "QAT",
        "ROU",
        "RUS",
        "SAU",
        "SDN",
        "SEN",
        "SLE",
        "SRB",
        "SWE",
        "THA",
        "TJK",
        "TUN",
        "TUR",
        "UGA",
        "UKR",
        "USA",
        "UZB",
        "VNM",
        "ZAF"
      ]
    },
    "受害者统计": {
      "总受害者数": 28847,
      "性别分布": {
        "Woman": 19950,
        "Man": 8893,
        "Trans/Transgender/NonConforming": 4
      },
      "年龄段分布": {
        "30--38": 7112,
        "09--17": 4955,
        "18--20": 3168,
        "21--23": 3160,
        "24--26": 2903,
        "39--47": 2631,
        "27--29": 2215,
        "48+": 1596,
        "0--8": 1107
      },
      "年份范围": [
        2002,
        2023
      ],
      "国籍数量": 56,
      "剥削国数量": 68,
      "剥削类型分布": [
        [
          "强制劳动",
          5414
        ],
        [
          "性剥削",
          7691
        ],
        [
          "其他剥削",
          491
        ]
      ]
    }
  },
  "network_analysis": {
    "基本指标": {
      "节点数": 92,
      "边数": 2195,
      "网络密度": 0.2621834687052078,
      "是否连通": true,
      "弱连通分量数": 1,
      "最大连通分量大小": 92
    },
    "中心性排名": {
      "入度中心性": {
        "USA": 25831,
        "UKR": 8997,
        "RUS": 6556,
        "MDA": 6255,
        "LBY": 2810,
        "PHL": 2152,
        "IDN": 2140,
        "CHN": 1816,
        "MYS": 1757,
        "TUR": 1476
      },
      "出度中心性": {
        "UKR": 14710,
        "USA": 11160,
        "MDA": 7826,
        "MEX": 7355,
        "PHL": 4759,
        "NGA": 4307,
        "VNM": 2612,
        "BLR": 2611,
        "KHM": 2567,
        "IDN": 2537
      },
      "介数中心性": {
        "AFG": 0.0630471644757359,
        "SRB": 0.05202206523635094,
        "HTI": 0.04385112242255099,
        "BGD": 0.033723485509199784,
        "NER": 0.03265148872291728,
        "ALB": 0.02691304727019013,
        "GHA": 0.026262335548049836,
        "ZAF": 0.023299901157044015,
        "IND": 0.02188137259565831,
        "KGZ": 0.020966692038120606
      },
      "特征向量中心性": {
        "USA": 0.9794183019560609,
        "PHL": 0.12813919060922072,
        "CHN": 0.09416600724587151,
        "GTM": 0.0729223631218902,
        "HND": 0.04927516811986999,
        "VNM": 0.04365838362749954,
        "MDA": 0.028541494006285025,
        "SLV": 0.027261371720861495,
        "IND": 0.026939859876029388,
        "COL": 0.026496329156107546
      },
      "PageRank": {
        "USA": 0.3697964469204579,
        "MDA": 0.020601101675914245,
        "UKR": 0.0198518746585214,
        "RUS": 0.017918637092065422,
        "LBY": 0.015893602013479214,
        "KAZ": 0.013233625052428144,
        "IDN": 0.012791670856221116,
        "MYS": 0.012155143718794763,
        "TUR": 0.011656725221694971,
        "LBN": 0.01104940372905475
      }
    },
    "国家角色": {
      "纯来源国": 21,
      "纯目的国": 34,
      "中转国": 37
    },
    "贩运模式": {
      "前20条贩运路线": [
        [
          "USA → USA",
          10927
        ],
        [
          "UKR → UKR",
          7603
        ],
        [
          "MEX → USA",
          7037
        ],
        [
          "MDA → MDA",
          5772
        ],
        [
          "UKR → RUS",
          4098
        ],
        [
          "PHL → PHL",
          1994
        ],
        [
          "NGA → LBY",
          1692
        ],
        [
          "PHL → USA",
          1212
        ],
        [
          "BLR → RUS",
          1159
        ],
        [
          "VNM → CHN",
          1100
        ],
        [
          "UKR → POL",
          1036
        ],
        [
          "CHN → USA",
          1030
        ],
        [
          "NGA → MLI",
          958
        ],
        [
          "MMR → IDN",
          942
        ],
        [
          "GTM → USA",
          842
        ],
        [
          "KHM → KHM",
          826
        ],
        [
          "MDA → UKR",
          666
        ],
        [
          "IDN → MYS",
          627
        ],
        [
          "MMR → BGD",
          625
        ],
        [
          "KGZ → RUS",
          600
        ]
      ],
      "前10目的国": [
        [
          "USA",
          25831
        ],
        [
          "UKR",
          8997
        ],
        [
          "RUS",
          6556
        ],
        [
          "MDA",
          6255
        ],
        [
          "LBY",
          2810
        ],
        [
          "PHL",
          2152
        ],
        [
          "IDN",
          2140
        ],
        [
          "CHN",
          1816
        ],
        [
          "MYS",
          1757
        ],
        [
          "TUR",
          1476
        ]
      ],
      "前10来源国": [
        [
          "UKR",
          14710
        ],
        [
          "USA",
          11160
        ],
        [
          "MDA",
          7826
        ],
        [
          "MEX",
          7355
        ],
        [
          "PHL",
          4759
        ],
        [
          "NGA",
          4307
        ],
        [
          "VNM",
          2612
        ],
        [
          "BLR",
          2611
        ],
        [
          "KHM",
          2567
        ],
        [
          "IDN",
          2537
        ]
      ]
    },
    "地理分布": {
      "总边数": 87407,
      "大陆内部贩运": 67239,
      "跨大陆贩运": 20168,
      "大陆内部比例": 0.7692633313121374,
      "跨大陆比例": 0.23073666868786252,
      "各大陆内部贩运数量": {
        "Europe": 25275,
        "North America": 20703,
        "Asia": 14880,
        "Africa": 6154,
        "South America": 199,
        "Unknown": 28
      },
      "跨大陆路线": {
        "('Africa', 'Asia')": 2649,
        "('Africa', 'Europe')": 1058,
        "('Africa', 'North America')": 725,
        "('Africa', 'South America')": 126,
        "('Africa', 'Unknown')": 299,
        "('Asia', 'Africa')": 1264,
        "('Asia', 'Europe')": 2422,
        "('Asia', 'North America')": 3817,
        "('Asia', 'South America')": 140,
        "('Asia', 'Unknown')": 745,
        "('Europe', 'Africa')": 582,
        "('Europe', 'Asia')": 986,
        "('Europe', 'North America')": 1021,
        "('Europe', 'South America')": 83,
        "('Europe', 'Unknown')": 971,
        "('North America', 'Africa')": 266,
        "('North America', 'Asia')": 460,
        "('North America', 'Europe')": 402,
        "('North America', 'South America')": 50,
        "('North America', 'Unknown')": 86,
        "('South America', 'Africa')": 185,
        "('South America', 'Asia')": 244,
        "('South America', 'Europe')": 241,
        "('South America', 'North America')": 556,
        "('South America', 'Unknown')": 44,
        "('Unknown', 'Africa')": 460,
        "('Unknown', 'Asia')": 138,
        "('Unknown', 'Europe')": 89,
        "('Unknown', 'North America')": 43,
        "('Unknown', 'South America')": 16
      }
    }
  },
  "hypothesis_testing": {
    "假设1": {
      "假设": "遭受相同剥削类型的国家在地理或经济条件上更相似",
      "测试方法": "分析不同剥削类型受害者的来源国地理分布",
      "详细分析": {
        "强制劳动": {
          "受害者数量": 1492,
          "来源国数量": 29,
          "目的国数量": 27,
          "来源国地理分布": {
            "Europe": 566,
            "North America": 303,
            "Africa": 294,
            "Asia": 329
          },
          "目的国地理分布": {
            "Europe": 614,
            "North America": 327,
            "Africa": 199,
            "Asia": 351,
            "Unknown": 1
          },
          "来源国集中度(HHI)": 0.2726076159535395,
          "目的国集中度(HHI)": 0.2905253397925666,
          "主要来源大陆": "Europe",
          "主要目的大陆": "Europe"
        },
        "性剥削": {
          "受害者数量": 1405,
          "来源国数量": 23,
          "目的国数量": 26,
          "来源国地理分布": {
            "North America": 1095,
            "Africa": 142,
            "Europe": 135,
            "Asia": 32,
            "South America": 1
          },
          "目的国地理分布": {
            "North America": 1103,
            "Africa": 131,
            "Europe": 102,
            "Unknown": 36,
            "Asia": 33
          },
          "来源国集中度(HHI)": 0.6273674345563001,
          "目的国集中度(HHI)": 0.6314808576385812,
          "主要来源大陆": "North America",
          "主要目的大陆": "North America"
        },
        "其他剥削": {
          "受害者数量": 114,
          "来源国数量": 8,
          "目的国数量": 6,
          "来源国地理分布": {
            "Africa": 58,
            "Asia": 53,
            "Unknown": 2,
            "North America": 1
          },
          "目的国地理分布": {
            "Africa": 63,
            "Asia": 50,
            "North America": 1
          },
          "来源国集中度(HHI)": 0.47537703908895046,
          "目的国集中度(HHI)": 0.49784549092028324,
          "主要来源大陆": "Africa",
          "主要目的大陆": "Africa"
        }
      },
      "结论": "不同剥削类型显示出不同的地理分布模式。平均地理集中度为0.458。集中度 > 0.2 表示较强的地理聚集性，支持相同剥削类型国家在地理上更相似的假设。",
      "假设支持度": "强支持"
    },
    "假设2": {
      "假设": "18-30岁的年轻成年人更容易受影响，该年龄段女性风险最高",
      "测试方法": "分析年龄段和性别分布，使用统计检验",
      "详细分析": {
        "年龄段分布": {
          "绝对数量": {
            "30--38": 1270,
            "24--26": 682,
            "09--17": 667,
            "21--23": 622,
            "18--20": 613,
            "39--47": 549,
            "27--29": 541,
            "48+": 329,
            "0--8": 127
          },
          "百分比": {
            "30--38": "23.52%",
            "24--26": "12.63%",
            "09--17": "12.35%",
            "21--23": "11.52%",
            "18--20": "11.35%",
            "39--47": "10.17%",
            "27--29": "10.02%",
            "48+": "6.09%",
            "0--8": "2.35%"
          }
        },
        "18-30岁占比": "34.87%",
        "性别分布": {
          "绝对数量": {
            "Woman": 3751,
            "Man": 1646,
            "Trans/Transgender/NonConforming": 3
          },
          "百分比": {
            "Woman": "69.46%",
            "Man": "30.48%",
            "Trans/Transgender/NonConforming": "0.06%"
          }
        },
        "年龄性别交叉表": {
          "Man": {
            "0--8": 37.00787401574803,
            "09--17": 28.18590704647676,
            "18--20": 16.150081566068515,
            "21--23": 18.971061093247588,
            "24--26": 22.434017595307918,
            "27--29": 25.87800369685767,
            "30--38": 37.40157480314961,
            "39--47": 48.26958105646631,
            "48+": 48.93617021276596
          },
          "Trans/Transgender/NonConforming": {
            "0--8": 0.7874015748031495,
            "09--17": 0.0,
            "18--20": 0.0,
            "21--23": 0.0,
            "24--26": 0.0,
            "27--29": 0.36968576709796674,
            "30--38": 0.0,
            "39--47": 0.0,
            "48+": 0.0
          },
          "Woman": {
            "0--8": 62.20472440944882,
            "09--17": 71.81409295352323,
            "18--20": 83.84991843393148,
            "21--23": 81.02893890675242,
            "24--26": 77.56598240469208,
            "27--29": 73.75231053604436,
            "30--38": 62.59842519685039,
            "39--47": 51.73041894353369,
            "48+": 51.06382978723404
          }
        },
        "卡方检验": {
          "chi2统计量": 316.8221886743272,
          "p值": 8.288989372974826e-58,
          "自由度": 16,
          "显著性": "Yes"
        },
        "强制劳动": {
          "性别分布": {
            "Woman": "56.43%",
            "Man": "43.57%"
          }
        },
        "性剥削": {
          "性别分布": {
            "Woman": "94.52%",
            "Man": "5.48%"
          }
        },
        "其他剥削": {
          "性别分布": {
            "Woman": "70.18%",
            "Man": "29.82%"
          }
        }
      },
      "结论": "年轻成年人占34.9%，未显示明显的年龄偏好 | 女性受害者占69.5%，支持女性风险更高的假设 | 性剥削中女性占94.5%，显著高于其他类型",
      "假设支持度": "强支持"
    },
    "假设3": {
      "假设": "贩运路线倾向于较短的地理距离（例如同一大陆内）",
      "测试方法": "分析同大陆内 vs 跨大陆贩运的比例",
      "详细分析": {
        "总体统计": {
          "总边数": 87407,
          "大陆内部贩运": 67239,
          "跨大陆贩运": 20168,
          "大陆内部比例": "76.93%",
          "跨大陆比例": "23.07%"
        },
        "各大陆内部贩运": {
          "Europe": 25275,
          "North America": 20703,
          "Asia": 14880,
          "Africa": 6154,
          "South America": 199,
          "Unknown": 28
        },
        "主要跨大陆路线": {
          "Asia → North America": 3817,
          "Africa → Asia": 2649,
          "Asia → Europe": 2422,
          "Asia → Africa": 1264,
          "Africa → Europe": 1058,
          "Europe → North America": 1021,
          "Europe → Asia": 986,
          "Europe → Unknown": 971,
          "Asia → Unknown": 745,
          "Africa → North America": 725
        },
        "统计检验": {
          "检验方法": "二项检验",
          "零假设": "大陆内部贩运比例 = 50%",
          "备择假设": "大陆内部贩运比例 > 50%",
          "p值": 0.0,
          "显著性水平": "p < 0.05",
          "结果": "拒绝零假设"
        },
        "受害者数据验证": {
          "总受害者数": 5400,
          "同大陆受害者": 4702,
          "同大陆比例": "87.07%"
        }
      },
      "结论": "大陆内部贩运占76.9%，且统计上显著高于随机水平，强烈支持假设",
      "假设支持度": "强支持"
    }
  }
}